Turn Number,Game 0,Game 1,Game 2,Game 3,Game 4,
Turn 0,26, 26, 26, 26, 26, 
Turn 1,26, 26, 26, 26, 26, 
Turn 2,25, 25, 25, 23, 25, 
Turn 3,22, 24, 24, 22, 24, 
Turn 4,21, 23, 23, 19, 23, 
Turn 5,20, 22, 22, 18, 20, 
Turn 6,19, 21, 21, 17, 19, 
Turn 7,18, 20, 20, 16, 18, 
Turn 8,17, 19, 19, 15, 17, 
Turn 9,16, 18, 18, 14, 16, 
Turn 10,15, 17, 17, 13, 15, 
Turn 11,14, 16, 16, 12, 14, 
Turn 12,13, 15, 15, 34, 13, 
Turn 13,25, 14, 14, 34, 21, 
Turn 14,25, 30, 26, 33, 21, 
Turn 15,24, 30, 26, 30, 20, 
Turn 16,23, 29, 25, 29, 19, 
Turn 17,22, 28, 24, 28, 18, 
Turn 18,21, 25, 23, 27, 17, 
Turn 19,20, 24, 22, 26, 16, 
Turn 20,19, 23, 21, 25, 15, 
Turn 21,18, 22, 20, 35, 14, 
Turn 22,17, 21, 19, 35, 13, 
Turn 23,16, 20, 18, 34, 12, 
Turn 24,15, 19, 17, 33, 18, 
Turn 25,14, 25, 16, 32, 18, 
Turn 26,22, 25, 15, 31, 17, 
Turn 27,22, 24, 14, 30, 16, 
Turn 28,21, 23, 24, 29, 15, 
Turn 29,20, 22, 24, 28, 14, 
Turn 30,19, 21, 23, 34, 13, 
Turn 31,18, 20, 22, 34, 12, 
Turn 32,17, 19, 21, 33, 11, 
Turn 33,16, 18, 20, 32, 10, 
Turn 34,15, 17, 19, 31, 16, 
Turn 35,14, 16, 18, 30, 16, 
Turn 36,13, 15, 17, 29, 15, 
Turn 37,12, 14, 16, 28, 14, 
Turn 38,22, 30, 15, 27, 13, 
Turn 39,22, 30, 14, 26, 12, 
Turn 40,21, 29, 13, 34, 11, 
Turn 41,20, 28, 25, 34, 10, 
Turn 42,19, 27, 25, 33, 9, 
Turn 43,18, 26, 24, 32, 17, 
Turn 44,17, 25, 23, 31, 17, 
Turn 45,16, 24, 22, 30, 16, 
Turn 46,15, 23, 21, 29, 13, 
Turn 47,14, 22, 20, 28, 12, 
Turn 48,13, 21, 19, 27, 11, 
Turn 49,29, 20, 18, 41, 10, 
Turn 50,29, 32, 17, 41, 9, 
Turn 51,28, 32, 16, 40, 17, 
Turn 52,27, 31, 15, 39, 17, 
Turn 53,26, 30, 14, 38, 16, 
Turn 54,25, 29, 30, 37, 15, 
Turn 55,24, 28, 30, 43, 14, 
Turn 56,23, 27, 29, 43, 13, 
Turn 57,22, 26, 28, 42, 12, 
Turn 58,21, 25, 27, 41, 11, 
Turn 59,20, 24, 26, 40, 10, 
Turn 60,19, 38, 25, 39, 22, 
Turn 61,31, 38, 24, 52, 22, 
Turn 62,31, 37, 23, 52, 21, 
Turn 63,30, 36, 22, 52, 20, 
Turn 64,27, 35, 21, 52, 19, 
Turn 65,26, 34, 20, 52, 18, 
Turn 66,25, 33, 32, 52, 17, 
Turn 67,24, 32, 32, 52, 16, 
Turn 68,23, 40, 31, 52, 15, 
Turn 69,22, 40, 30, 52, 14, 
Turn 70,21, 39, 29, 52, 13, 
Turn 71,33, 38, 28, 52, 12, 
Turn 72,33, 37, 27, 52, 22, 
Turn 73,32, 36, 26, 52, 22, 
Turn 74,31, 35, 25, 52, 21, 
Turn 75,30, 39, 24, 52, 20, 
Turn 76,29, 39, 23, 52, 19, 
Turn 77,28, 38, 35, 52, 18, 
Turn 78,27, 37, 35, 52, 17, 
Turn 79,26, 36, 34, 52, 16, 
Turn 80,25, 44, 33, 52, 15, 
Turn 81,31, 44, 32, 52, 14, 
Turn 82,31, 43, 31, 52, 13, 
Turn 83,30, 42, 30, 52, 12, 
Turn 84,29, 41, 29, 52, 22, 
Turn 85,28, 45, 28, 52, 22, 
Turn 86,27, 45, 30, 52, 21, 
Turn 87,24, 44, 30, 52, 20, 
Turn 88,23, 43, 29, 52, 19, 
Turn 89,22, 47, 28, 52, 18, 
Turn 90,21, 47, 27, 52, 17, 
Turn 91,37, 46, 26, 52, 16, 
Turn 92,37, 48, 25, 52, 15, 
Turn 93,36, 48, 24, 52, 14, 
Turn 94,33, 47, 23, 52, 13, 
Turn 95,32, 47, 22, 52, 12, 
Turn 96,31, 47, 21, 52, 24, 
Turn 97,30, 46, 20, 52, 24, 
Turn 98,34, 48, 28, 52, 23, 
Turn 99,34, 48, 28, 52, 22, 
Turn 100,33, 47, 27, 52, 21, 
Turn 101,32, 47, 26, 52, 20, 
Turn 102,31, 47, 25, 52, 19, 
Turn 103,30, 46, 24, 52, 18, 
Turn 104,29, 48, 23, 52, 17, 
Turn 105,28, 48, 22, 52, 16, 
Turn 106,25, 47, 19, 52, 15, 
Turn 107,33, 47, 18, 52, 14, 
Turn 108,33, 47, 17, 52, 13, 
Turn 109,32, 46, 16, 52, 33, 
Turn 110,29, 48, 28, 52, 33, 
Turn 111,28, 48, 28, 52, 32, 
Turn 112,27, 47, 27, 52, 31, 
Turn 113,26, 47, 26, 52, 30, 
Turn 114,25, 47, 25, 52, 29, 
Turn 115,24, 46, 24, 52, 28, 
Turn 116,28, 48, 23, 52, 27, 
Turn 117,28, 48, 22, 52, 26, 
Turn 118,27, 47, 21, 52, 25, 
Turn 119,26, 49, 20, 52, 35, 
Turn 120,25, 49, 19, 52, 35, 
Turn 121,24, 51, 18, 52, 34, 
Turn 122,23, 51, 17, 52, 33, 
Turn 123,22, 52, 33, 52, 32, 
Turn 124,21, 52, 33, 52, 31, 
Turn 125,20, 52, 32, 52, 30, 
Turn 126,19, 52, 31, 52, 29, 
Turn 127,18, 52, 30, 52, 28, 
Turn 128,17, 52, 29, 52, 34, 
Turn 129,33, 52, 28, 52, 34, 
Turn 130,33, 52, 27, 52, 33, 
Turn 131,32, 52, 26, 52, 32, 
Turn 132,31, 52, 25, 52, 31, 
Turn 133,30, 52, 33, 52, 30, 
Turn 134,29, 52, 33, 52, 29, 
Turn 135,28, 52, 32, 52, 28, 
Turn 136,27, 52, 31, 52, 27, 
Turn 137,26, 52, 30, 52, 26, 
Turn 138,25, 52, 29, 52, 38, 
Turn 139,31, 52, 28, 52, 38, 
Turn 140,31, 52, 27, 52, 37, 
Turn 141,30, 52, 26, 52, 36, 
Turn 142,29, 52, 25, 52, 35, 
Turn 143,28, 52, 29, 52, 34, 
Turn 144,27, 52, 29, 52, 33, 
Turn 145,26, 52, 28, 52, 35, 
Turn 146,25, 52, 27, 52, 35, 
Turn 147,24, 52, 26, 52, 34, 
Turn 148,23, 52, 25, 52, 33, 
Turn 149,22, 52, 24, 52, 32, 
Turn 150,34, 52, 23, 52, 29, 
Turn 151,34, 52, 22, 52, 28, 
Turn 152,33, 52, 21, 52, 27, 
Turn 153,32, 52, 20, 52, 35, 
Turn 154,31, 52, 28, 52, 35, 
Turn 155,30, 52, 28, 52, 34, 
Turn 156,29, 52, 27, 52, 33, 
Turn 157,28, 52, 26, 52, 32, 
Turn 158,27, 52, 25, 52, 31, 
Turn 159,25, 52, 24, 52, 30, 
Turn 160,25, 52, 23, 52, 29, 
Turn 161,24, 52, 22, 52, 28, 
Turn 162,23, 52, 21, 52, 34, 
Turn 163,22, 52, 20, 52, 34, 
Turn 164,21, 52, 19, 52, 33, 
Turn 165,20, 52, 16, 52, 32, 
Turn 166,19, 52, 26, 52, 31, 
Turn 167,18, 52, 26, 52, 30, 
Turn 168,17, 52, 25, 52, 29, 
Turn 169,16, 52, 24, 52, 28, 
Turn 170,15, 52, 23, 52, 27, 
Turn 171,14, 52, 22, 52, 26, 
Turn 172,32, 52, 21, 52, 32, 
Turn 173,32, 52, 20, 52, 32, 
Turn 174,31, 52, 19, 52, 31, 
Turn 175,30, 52, 18, 52, 30, 
Turn 176,27, 52, 17, 52, 29, 
Turn 177,26, 52, 16, 52, 28, 
Turn 178,25, 52, 15, 52, 27, 
Turn 179,24, 52, 14, 52, 22, 
Turn 180,23, 52, 28, 52, 21, 
Turn 181,22, 52, 28, 52, 33, 
Turn 182,22, 52, 27, 52, 33, 
Turn 183,22, 52, 24, 52, 32, 
Turn 184,21, 52, 21, 52, 31, 
Turn 185,20, 52, 20, 52, 30, 
Turn 186,19, 52, 19, 52, 29, 
Turn 187,18, 52, 18, 52, 28, 
Turn 188,17, 52, 17, 52, 27, 
Turn 189,16, 52, 16, 52, 26, 
Turn 190,15, 52, 15, 52, 25, 
Turn 191,14, 52, 31, 52, 31, 
Turn 192,13, 52, 31, 52, 31, 
Turn 193,12, 52, 30, 52, 30, 
Turn 194,24, 52, 29, 52, 29, 
Turn 195,24, 52, 28, 52, 28, 
Turn 196,23, 52, 27, 52, 27, 
Turn 197,22, 52, 26, 52, 26, 
Turn 198,19, 52, 25, 52, 25, 
Turn 199,18, 52, 24, 52, 24, 
Turn 200,17, 52, 23, 52, 23, 
Turn 201,16, 52, 22, 52, 22, 
Turn 202,15, 52, 34, 52, 26, 
Turn 203,14, 52, 34, 52, 26, 
Turn 204,13, 52, 33, 52, 25, 
Turn 205,12, 52, 32, 52, 24, 
Turn 206,24, 52, 29, 52, 23, 
Turn 207,24, 52, 28, 52, 22, 
Turn 208,23, 52, 27, 52, 21, 
Turn 209,22, 52, 26, 52, 20, 
Turn 210,19, 52, 32, 52, 19, 
Turn 211,18, 52, 32, 52, 18, 
Turn 212,17, 52, 31, 52, 17, 
Turn 213,16, 52, 30, 52, 16, 
Turn 214,15, 52, 29, 52, 15, 
Turn 215,14, 52, 28, 52, 14, 
Turn 216,13, 52, 27, 52, 22, 
Turn 217,12, 52, 26, 52, 22, 
Turn 218,18, 52, 25, 52, 21, 
Turn 219,18, 52, 24, 52, 20, 
Turn 220,17, 52, 23, 52, 19, 
Turn 221,16, 52, 37, 52, 18, 
Turn 222,15, 52, 37, 52, 17, 
Turn 223,14, 52, 36, 52, 16, 
Turn 224,13, 52, 35, 52, 15, 
Turn 225,10, 52, 34, 52, 14, 
Turn 226,9, 52, 33, 52, 13, 
Turn 227,17, 52, 32, 52, 29, 
Turn 228,17, 52, 31, 52, 29, 
Turn 229,16, 52, 33, 52, 28, 
Turn 230,15, 52, 33, 52, 25, 
Turn 231,14, 52, 32, 52, 24, 
Turn 232,13, 52, 31, 52, 23, 
Turn 233,12, 52, 30, 52, 22, 
Turn 234,11, 52, 29, 52, 21, 
Turn 235,10, 52, 28, 52, 20, 
Turn 236,18, 52, 25, 52, 19, 
Turn 237,18, 52, 24, 52, 18, 
Turn 238,17, 52, 30, 52, 26, 
Turn 239,16, 52, 30, 52, 26, 
Turn 240,15, 52, 29, 52, 25, 
Turn 241,14, 52, 28, 52, 24, 
Turn 242,13, 52, 27, 52, 23, 
Turn 243,12, 52, 26, 52, 22, 
Turn 244,11, 52, 25, 52, 21, 
Turn 245,10, 52, 24, 52, 20, 
Turn 246,16, 52, 23, 52, 19, 
Turn 247,16, 52, 22, 52, 18, 
Turn 248,15, 52, 21, 52, 17, 
Turn 249,14, 52, 20, 52, 16, 
Turn 250,13, 52, 30, 52, 15, 
Turn 251,10, 52, 30, 52, 14, 
Turn 252,9, 52, 29, 52, 22, 
Turn 253,8, 52, 28, 52, 22, 
Turn 254,10, 52, 27, 52, 21, 
Turn 255,10, 52, 26, 52, 20, 
Turn 256,9, 52, 25, 52, 19, 
Turn 257,8, 52, 24, 52, 18, 
Turn 258,7, 52, 23, 52, 17, 
Turn 259,6, 52, 22, 52, 16, 
Turn 260,6, 52, 21, 52, 15, 
Turn 261,6, 52, 20, 52, 14, 
Turn 262,5, 52, 30, 52, 13, 
Turn 263,4, 52, 30, 52, 12, 
Turn 264,3, 52, 29, 52, 22, 
Turn 265,0, 52, 28, 52, 22, 
Turn 266,0, 52, 27, 52, 21, 
Turn 267,0, 52, 26, 52, 20, 
Turn 268,0, 52, 25, 52, 19, 
Turn 269,0, 52, 24, 52, 18, 
Turn 270,0, 52, 23, 52, 17, 
Turn 271,0, 52, 22, 52, 16, 
Turn 272,0, 52, 21, 52, 15, 
Turn 273,0, 52, 20, 52, 14, 
Turn 274,0, 52, 28, 52, 11, 
Turn 275,0, 52, 28, 52, 31, 
Turn 276,0, 52, 27, 52, 31, 
Turn 277,0, 52, 26, 52, 30, 
Turn 278,0, 52, 25, 52, 29, 
Turn 279,0, 52, 24, 52, 28, 
Turn 280,0, 52, 23, 52, 27, 
Turn 281,0, 52, 22, 52, 26, 
Turn 282,0, 52, 21, 52, 25, 
Turn 283,0, 52, 20, 52, 24, 
Turn 284,0, 52, 19, 52, 23, 
Turn 285,0, 52, 18, 52, 22, 
Turn 286,0, 52, 17, 52, 34, 
Turn 287,0, 52, 29, 52, 34, 
Turn 288,0, 52, 29, 52, 33, 
Turn 289,0, 52, 28, 52, 32, 
Turn 290,0, 52, 27, 52, 31, 
Turn 291,0, 52, 26, 52, 30, 
Turn 292,0, 52, 25, 52, 29, 
Turn 293,0, 52, 24, 52, 28, 
Turn 294,0, 52, 23, 52, 27, 
Turn 295,0, 52, 22, 52, 26, 
Turn 296,0, 52, 21, 52, 34, 
Turn 297,0, 52, 20, 52, 34, 
Turn 298,0, 52, 19, 52, 33, 
Turn 299,0, 52, 23, 52, 32, 
Turn 300,0, 52, 23, 52, 31, 
Turn 301,0, 52, 22, 52, 30, 
Turn 302,0, 52, 21, 52, 29, 
Turn 303,0, 52, 20, 52, 28, 
Turn 304,0, 52, 19, 52, 27, 
Turn 305,0, 52, 18, 52, 29, 
Turn 306,0, 52, 17, 52, 29, 
Turn 307,0, 52, 16, 52, 28, 
Turn 308,0, 52, 15, 52, 27, 
Turn 309,0, 52, 14, 52, 26, 
Turn 310,0, 52, 13, 52, 25, 
Turn 311,0, 52, 27, 52, 24, 
Turn 312,0, 52, 27, 52, 23, 
Turn 313,0, 52, 26, 52, 22, 
Turn 314,0, 52, 25, 52, 21, 
Turn 315,0, 52, 24, 52, 20, 
Turn 316,0, 52, 23, 52, 19, 
Turn 317,0, 52, 22, 52, 29, 
Turn 318,0, 52, 21, 52, 29, 
Turn 319,0, 52, 20, 52, 28, 
Turn 320,0, 52, 19, 52, 27, 
Turn 321,0, 52, 18, 52, 26, 
Turn 322,0, 52, 17, 52, 25, 
Turn 323,0, 52, 16, 52, 24, 
Turn 324,0, 52, 30, 52, 23, 
Turn 325,0, 52, 30, 52, 22, 
Turn 326,0, 52, 29, 52, 21, 
Turn 327,0, 52, 28, 52, 20, 
Turn 328,0, 52, 27, 52, 19, 
Turn 329,0, 52, 26, 52, 31, 
Turn 330,0, 52, 25, 52, 31, 
Turn 331,0, 52, 24, 52, 30, 
Turn 332,0, 52, 23, 52, 29, 
Turn 333,0, 52, 22, 52, 28, 
Turn 334,0, 52, 21, 52, 27, 
Turn 335,0, 52, 20, 52, 26, 
Turn 336,0, 52, 34, 52, 25, 
Turn 337,0, 52, 34, 52, 24, 
Turn 338,0, 52, 33, 52, 23, 
Turn 339,0, 52, 32, 52, 22, 
Turn 340,0, 52, 31, 52, 30, 
Turn 341,0, 52, 30, 52, 30, 
Turn 342,0, 52, 29, 52, 29, 
Turn 343,0, 52, 28, 52, 28, 
Turn 344,0, 52, 27, 52, 27, 
Turn 345,0, 52, 26, 52, 26, 
Turn 346,0, 52, 38, 52, 25, 
Turn 347,0, 52, 38, 52, 24, 
Turn 348,0, 52, 37, 52, 23, 
Turn 349,0, 52, 36, 52, 22, 
Turn 350,0, 52, 35, 52, 21, 
Turn 351,0, 52, 34, 52, 20, 
Turn 352,0, 52, 33, 52, 34, 
Turn 353,0, 52, 32, 52, 34, 
Turn 354,0, 52, 38, 52, 33, 
Turn 355,0, 52, 38, 52, 32, 
Turn 356,0, 52, 37, 52, 31, 
Turn 357,0, 52, 36, 52, 30, 
Turn 358,0, 52, 35, 52, 29, 
Turn 359,0, 52, 34, 52, 28, 
Turn 360,0, 52, 33, 52, 27, 
Turn 361,0, 52, 35, 52, 26, 
Turn 362,0, 52, 35, 52, 40, 
Turn 363,0, 52, 34, 52, 40, 
Turn 364,0, 52, 33, 52, 39, 
Turn 365,0, 52, 32, 52, 38, 
Turn 366,0, 52, 29, 52, 35, 
Turn 367,0, 52, 28, 52, 34, 
Turn 368,0, 52, 27, 52, 38, 
Turn 369,0, 52, 35, 52, 38, 
Turn 370,0, 52, 35, 52, 37, 
Turn 371,0, 52, 34, 52, 36, 
Turn 372,0, 52, 33, 52, 35, 
Turn 373,0, 52, 32, 52, 34, 
Turn 374,0, 52, 31, 52, 33, 
Turn 375,0, 52, 30, 52, 39, 
Turn 376,0, 52, 29, 52, 39, 
Turn 377,0, 52, 28, 52, 38, 
Turn 378,0, 52, 34, 52, 35, 
Turn 379,0, 52, 34, 52, 34, 
Turn 380,0, 52, 33, 52, 33, 
Turn 381,0, 52, 32, 52, 41, 
Turn 382,0, 52, 31, 52, 41, 
Turn 383,0, 52, 30, 52, 40, 
Turn 384,0, 52, 29, 52, 39, 
Turn 385,0, 52, 28, 52, 38, 
Turn 386,0, 52, 27, 52, 37, 
Turn 387,0, 52, 26, 52, 45, 
Turn 388,0, 52, 32, 52, 45, 
Turn 389,0, 52, 32, 52, 44, 
Turn 390,0, 52, 31, 52, 44, 
Turn 391,0, 52, 30, 52, 44, 
Turn 392,0, 52, 29, 52, 43, 
Turn 393,0, 52, 28, 52, 40, 
Turn 394,0, 52, 27, 52, 48, 
Turn 395,0, 52, 26, 52, 48, 
Turn 396,0, 52, 25, 52, 47, 
Turn 397,0, 52, 24, 52, 49, 
Turn 398,0, 52, 23, 52, 49, 
Turn 399,0, 52, 35, 52, 51, 
Turn 400,0, 52, 35, 52, 51, 
Turn 401,0, 52, 34, 52, 52, 
Turn 402,0, 52, 33, 52, 52, 
Turn 403,0, 52, 32, 52, 52, 
Turn 404,0, 52, 31, 52, 52, 
Turn 405,0, 52, 30, 52, 52, 
Turn 406,0, 52, 29, 52, 52, 
Turn 407,0, 52, 28, 52, 52, 
Turn 408,0, 52, 40, 52, 52, 
Turn 409,0, 52, 40, 52, 52, 
Turn 410,0, 52, 39, 52, 52, 
Turn 411,0, 52, 38, 52, 52, 
Turn 412,0, 52, 37, 52, 52, 
Turn 413,0, 52, 36, 52, 52, 
Turn 414,0, 52, 35, 52, 52, 
Turn 415,0, 52, 39, 52, 52, 
Turn 416,0, 52, 39, 52, 52, 
Turn 417,0, 52, 38, 52, 52, 
Turn 418,0, 52, 37, 52, 52, 
Turn 419,0, 52, 36, 52, 52, 
Turn 420,0, 52, 35, 52, 52, 
Turn 421,0, 52, 37, 52, 52, 
Turn 422,0, 52, 37, 52, 52, 
Turn 423,0, 52, 36, 52, 52, 
Turn 424,0, 52, 35, 52, 52, 
Turn 425,0, 52, 34, 52, 52, 
Turn 426,0, 52, 33, 52, 52, 
Turn 427,0, 52, 32, 52, 52, 
Turn 428,0, 52, 31, 52, 52, 
Turn 429,0, 52, 39, 52, 52, 
Turn 430,0, 52, 39, 52, 52, 
Turn 431,0, 52, 38, 52, 52, 
Turn 432,0, 52, 37, 52, 52, 
Turn 433,0, 52, 36, 52, 52, 
Turn 434,0, 52, 35, 52, 52, 
Turn 435,0, 52, 34, 52, 52, 
Turn 436,0, 52, 36, 52, 52, 
Turn 437,0, 52, 36, 52, 52, 
Turn 438,0, 52, 35, 52, 52, 
Turn 439,0, 52, 34, 52, 52, 
Turn 440,0, 52, 33, 52, 52, 
Turn 441,0, 52, 32, 52, 52, 
Turn 442,0, 52, 31, 52, 52, 
Turn 443,0, 52, 30, 52, 52, 
Turn 444,0, 52, 29, 52, 52, 
Turn 445,0, 52, 37, 52, 52, 
Turn 446,0, 52, 37, 52, 52, 
Turn 447,0, 52, 36, 52, 52, 
Turn 448,0, 52, 35, 52, 52, 
Turn 449,0, 52, 34, 52, 52, 
Turn 450,0, 52, 33, 52, 52, 
Turn 451,0, 52, 32, 52, 52, 
Turn 452,0, 52, 31, 52, 52, 
Turn 453,0, 52, 39, 52, 52, 
Turn 454,0, 52, 39, 52, 52, 
Turn 455,0, 52, 38, 52, 52, 
Turn 456,0, 52, 37, 52, 52, 
Turn 457,0, 52, 36, 52, 52, 
Turn 458,0, 52, 35, 52, 52, 
Turn 459,0, 52, 39, 52, 52, 
Turn 460,0, 52, 39, 52, 52, 
Turn 461,0, 52, 38, 52, 52, 
Turn 462,0, 52, 37, 52, 52, 
Turn 463,0, 52, 36, 52, 52, 
Turn 464,0, 52, 35, 52, 52, 
Turn 465,0, 52, 34, 52, 52, 
Turn 466,0, 52, 38, 52, 52, 
Turn 467,0, 52, 38, 52, 52, 
Turn 468,0, 52, 37, 52, 52, 
Turn 469,0, 52, 36, 52, 52, 
Turn 470,0, 52, 35, 52, 52, 
Turn 471,0, 52, 34, 52, 52, 
Turn 472,0, 52, 33, 52, 52, 
Turn 473,0, 52, 32, 52, 52, 
Turn 474,0, 52, 38, 52, 52, 
Turn 475,0, 52, 38, 52, 52, 
Turn 476,0, 52, 37, 52, 52, 
Turn 477,0, 52, 36, 52, 52, 
Turn 478,0, 52, 35, 52, 52, 
Turn 479,0, 52, 34, 52, 52, 
Turn 480,0, 52, 33, 52, 52, 
Turn 481,0, 52, 32, 52, 52, 
Turn 482,0, 52, 34, 52, 52, 
Turn 483,0, 52, 34, 52, 52, 
Turn 484,0, 52, 33, 52, 52, 
Turn 485,0, 52, 32, 52, 52, 
Turn 486,0, 52, 29, 52, 52, 
Turn 487,0, 52, 28, 52, 52, 
Turn 488,0, 52, 27, 52, 52, 
Turn 489,0, 52, 26, 52, 52, 
Turn 490,0, 52, 25, 52, 52, 
Turn 491,0, 52, 33, 52, 52, 
Turn 492,0, 52, 33, 52, 52, 
Turn 493,0, 52, 32, 52, 52, 
Turn 494,0, 52, 31, 52, 52, 
Turn 495,0, 52, 30, 52, 52, 
Turn 496,0, 52, 29, 52, 52, 
Turn 497,0, 52, 28, 52, 52, 
Turn 498,0, 52, 27, 52, 52, 
Turn 499,0, 52, 26, 52, 52, 
Turn 500,0, 52, 25, 52, 52, 
Turn 501,0, 52, 27, 52, 52, 
Turn 502,0, 52, 27, 52, 52, 
Turn 503,0, 52, 26, 52, 52, 
Turn 504,0, 52, 25, 52, 52, 
Turn 505,0, 52, 24, 52, 52, 
Turn 506,0, 52, 23, 52, 52, 
Turn 507,0, 52, 22, 52, 52, 
Turn 508,0, 52, 21, 52, 52, 
Turn 509,0, 52, 20, 52, 52, 
Turn 510,0, 52, 19, 52, 52, 
Turn 511,0, 52, 18, 52, 52, 
Turn 512,0, 52, 17, 52, 52, 
Turn 513,0, 52, 16, 52, 52, 
Turn 514,0, 52, 26, 52, 52, 
Turn 515,0, 52, 26, 52, 52, 
Turn 516,0, 52, 25, 52, 52, 
Turn 517,0, 52, 24, 52, 52, 
Turn 518,0, 52, 23, 52, 52, 
Turn 519,0, 52, 22, 52, 52, 
Turn 520,0, 52, 21, 52, 52, 
Turn 521,0, 52, 20, 52, 52, 
Turn 522,0, 52, 19, 52, 52, 
Turn 523,0, 52, 18, 52, 52, 
Turn 524,0, 52, 17, 52, 52, 
Turn 525,0, 52, 16, 52, 52, 
Turn 526,0, 52, 15, 52, 52, 
Turn 527,0, 52, 14, 52, 52, 
Turn 528,0, 52, 24, 52, 52, 
Turn 529,0, 52, 24, 52, 52, 
Turn 530,0, 52, 23, 52, 52, 
Turn 531,0, 52, 22, 52, 52, 
Turn 532,0, 52, 21, 52, 52, 
Turn 533,0, 52, 18, 52, 52, 
Turn 534,0, 52, 17, 52, 52, 
Turn 535,0, 52, 14, 52, 52, 
Turn 536,0, 52, 13, 52, 52, 
Turn 537,0, 52, 12, 52, 52, 
Turn 538,0, 52, 11, 52, 52, 
Turn 539,0, 52, 21, 52, 52, 
Turn 540,0, 52, 21, 52, 52, 
Turn 541,0, 52, 20, 52, 52, 
Turn 542,0, 52, 19, 52, 52, 
Turn 543,0, 52, 18, 52, 52, 
Turn 544,0, 52, 17, 52, 52, 
Turn 545,0, 52, 16, 52, 52, 
Turn 546,0, 52, 15, 52, 52, 
Turn 547,0, 52, 14, 52, 52, 
Turn 548,0, 52, 13, 52, 52, 
Turn 549,0, 52, 19, 52, 52, 
Turn 550,0, 52, 19, 52, 52, 
Turn 551,0, 52, 18, 52, 52, 
Turn 552,0, 52, 15, 52, 52, 
Turn 553,0, 52, 14, 52, 52, 
Turn 554,0, 52, 13, 52, 52, 
Turn 555,0, 52, 12, 52, 52, 
Turn 556,0, 52, 11, 52, 52, 
Turn 557,0, 52, 10, 52, 52, 
Turn 558,0, 52, 16, 52, 52, 
Turn 559,0, 52, 16, 52, 52, 
Turn 560,0, 52, 15, 52, 52, 
Turn 561,0, 52, 14, 52, 52, 
Turn 562,0, 52, 13, 52, 52, 
Turn 563,0, 52, 12, 52, 52, 
Turn 564,0, 52, 11, 52, 52, 
Turn 565,0, 52, 10, 52, 52, 
Turn 566,0, 52, 9, 52, 52, 
Turn 567,0, 52, 19, 52, 52, 
Turn 568,0, 52, 19, 52, 52, 
Turn 569,0, 52, 18, 52, 52, 
Turn 570,0, 52, 17, 52, 52, 
Turn 571,0, 52, 16, 52, 52, 
Turn 572,0, 52, 15, 52, 52, 
Turn 573,0, 52, 14, 52, 52, 
Turn 574,0, 52, 13, 52, 52, 
Turn 575,0, 52, 12, 52, 52, 
Turn 576,0, 52, 11, 52, 52, 
Turn 577,0, 52, 17, 52, 52, 
Turn 578,0, 52, 17, 52, 52, 
Turn 579,0, 52, 16, 52, 52, 
Turn 580,0, 52, 15, 52, 52, 
Turn 581,0, 52, 14, 52, 52, 
Turn 582,0, 52, 13, 52, 52, 
Turn 583,0, 52, 10, 52, 52, 
Turn 584,0, 52, 9, 52, 52, 
Turn 585,0, 52, 11, 52, 52, 
Turn 586,0, 52, 11, 52, 52, 
Turn 587,0, 52, 10, 52, 52, 
Turn 588,0, 52, 9, 52, 52, 
Turn 589,0, 52, 8, 52, 52, 
Turn 590,0, 52, 7, 52, 52, 
Turn 591,0, 52, 13, 52, 52, 
Turn 592,0, 52, 13, 52, 52, 
Turn 593,0, 52, 12, 52, 52, 
Turn 594,0, 52, 11, 52, 52, 
Turn 595,0, 52, 10, 52, 52, 
Turn 596,0, 52, 9, 52, 52, 
Turn 597,0, 52, 8, 52, 52, 
Turn 598,0, 52, 12, 52, 52, 
Turn 599,0, 52, 12, 52, 52, 
Turn 600,0, 52, 11, 52, 52, 
Turn 601,0, 52, 10, 52, 52, 
Turn 602,0, 52, 9, 52, 52, 
Turn 603,0, 52, 8, 52, 52, 
Turn 604,0, 52, 7, 52, 52, 
Turn 605,0, 52, 11, 52, 52, 
Turn 606,0, 52, 11, 52, 52, 
Turn 607,0, 52, 10, 52, 52, 
Turn 608,0, 52, 9, 52, 52, 
Turn 609,0, 52, 8, 52, 52, 
Turn 610,0, 52, 8, 52, 52, 
Turn 611,0, 52, 8, 52, 52, 
Turn 612,0, 52, 7, 52, 52, 
Turn 613,0, 52, 6, 52, 52, 
Turn 614,0, 52, 5, 52, 52, 
Turn 615,0, 52, 7, 52, 52, 
Turn 616,0, 52, 7, 52, 52, 
Turn 617,0, 52, 6, 52, 52, 
Turn 618,0, 52, 5, 52, 52, 
Turn 619,0, 52, 5, 52, 52, 
Turn 620,0, 52, 5, 52, 52, 
Turn 621,0, 52, 4, 52, 52, 
Turn 622,0, 52, 6, 52, 52, 
Turn 623,0, 52, 6, 52, 52, 
Turn 624,0, 52, 5, 52, 52, 
Turn 625,0, 52, 4, 52, 52, 
Turn 626,0, 52, 6, 52, 52, 
Turn 627,0, 52, 6, 52, 52, 
Turn 628,0, 52, 5, 52, 52, 
Turn 629,0, 52, 3, 52, 52, 
Turn 630,0, 52, 3, 52, 52, 
Turn 631,0, 52, 3, 52, 52, 
Turn 632,0, 52, 3, 52, 52, 
Turn 633,0, 52, 3, 52, 52, 
Turn 634,0, 52, 3, 52, 52, 
Turn 635,0, 52, 3, 52, 52, 
Turn 636,0, 52, 3, 52, 52, 
Turn 637,0, 52, 3, 52, 52, 
Turn 638,0, 52, 3, 52, 52, 
Turn 639,0, 52, 3, 52, 52, 
Turn 640,0, 52, 3, 52, 52, 
Turn 641,0, 52, 3, 52, 52, 
Turn 642,0, 52, 3, 52, 52, 
Turn 643,0, 52, 5, 52, 52, 
Turn 644,0, 52, 5, 52, 52, 
Turn 645,0, 52, 4, 52, 52, 
Turn 646,0, 52, 4, 52, 52, 
Turn 647,0, 52, 4, 52, 52, 
Turn 648,0, 52, 3, 52, 52, 
Turn 649,0, 52, 3, 52, 52, 
Turn 650,0, 52, 3, 52, 52, 
Turn 651,0, 52, 5, 52, 52, 
Turn 652,0, 52, 5, 52, 52, 
Turn 653,0, 52, 4, 52, 52, 
Turn 654,0, 52, 6, 52, 52, 
Turn 655,0, 52, 6, 52, 52, 
Turn 656,0, 52, 5, 52, 52, 
Turn 657,0, 52, 4, 52, 52, 
Turn 658,0, 52, 8, 52, 52, 
Turn 659,0, 52, 8, 52, 52, 
Turn 660,0, 52, 7, 52, 52, 
Turn 661,0, 52, 6, 52, 52, 
Turn 662,0, 52, 5, 52, 52, 
Turn 663,0, 52, 7, 52, 52, 
Turn 664,0, 52, 7, 52, 52, 
Turn 665,0, 52, 6, 52, 52, 
Turn 666,0, 52, 5, 52, 52, 
Turn 667,0, 52, 7, 52, 52, 
Turn 668,0, 52, 7, 52, 52, 
Turn 669,0, 52, 6, 52, 52, 
Turn 670,0, 52, 5, 52, 52, 
Turn 671,0, 52, 7, 52, 52, 
Turn 672,0, 52, 7, 52, 52, 
Turn 673,0, 52, 6, 52, 52, 
Turn 674,0, 52, 5, 52, 52, 
Turn 675,0, 52, 5, 52, 52, 
Turn 676,0, 52, 5, 52, 52, 
Turn 677,0, 52, 3, 52, 52, 
Turn 678,0, 52, 3, 52, 52, 
Turn 679,0, 52, 3, 52, 52, 
Turn 680,0, 52, 3, 52, 52, 
Turn 681,0, 52, 3, 52, 52, 
Turn 682,0, 52, 3, 52, 52, 
Turn 683,0, 52, 3, 52, 52, 
Turn 684,0, 52, 3, 52, 52, 
Turn 685,0, 52, 3, 52, 52, 
Turn 686,0, 52, 3, 52, 52, 
Turn 687,0, 52, 2, 52, 52, 
Turn 688,0, 52, 0, 52, 52, 
Turn 689,0, 52, 0, 52, 52, 
Turn 690,0, 52, 0, 52, 52, 
Turn 691,0, 52, 0, 52, 52, 
Turn 692,0, 52, 0, 52, 52, 
Turn 693,0, 52, 0, 52, 52, 
Turn 694,0, 52, 0, 52, 52, 
Turn 695,0, 52, 0, 52, 52, 
Turn 696,0, 52, 0, 52, 52, 
Turn 697,0, 52, 0, 52, 52, 
Turn 698,0, 52, 0, 52, 52, 
Turn 699,0, 52, 0, 52, 52, 
Turn 700,0, 52, 0, 52, 52, 
Turn 701,0, 52, 0, 52, 52, 
Turn 702,0, 52, 0, 52, 52, 
Turn 703,0, 52, 0, 52, 52, 
Turn 704,0, 52, 0, 52, 52, 
Turn 705,0, 52, 0, 52, 52, 
Turn 706,0, 52, 0, 52, 52, 
Turn 707,0, 52, 0, 52, 52, 
Turn 708,0, 52, 0, 52, 52, 
Turn 709,0, 52, 0, 52, 52, 
Turn 710,0, 52, 0, 52, 52, 
Turn 711,0, 52, 0, 52, 52, 
Turn 712,0, 52, 0, 52, 52, 
Turn 713,0, 52, 0, 52, 52, 
Turn 714,0, 52, 0, 52, 52, 
Turn 715,0, 52, 0, 52, 52, 
Turn 716,0, 52, 0, 52, 52, 
Turn 717,0, 52, 0, 52, 52, 
Turn 718,0, 52, 0, 52, 52, 
Turn 719,0, 52, 0, 52, 52, 
Turn 720,0, 52, 0, 52, 52, 
Turn 721,0, 52, 0, 52, 52, 
Turn 722,0, 52, 0, 52, 52, 
Turn 723,0, 52, 0, 52, 52, 
Turn 724,0, 52, 0, 52, 52, 
Turn 725,0, 52, 0, 52, 52, 
Turn 726,0, 52, 0, 52, 52, 
Turn 727,0, 52, 0, 52, 52, 
Turn 728,0, 52, 0, 52, 52, 
Turn 729,0, 52, 0, 52, 52, 
Turn 730,0, 52, 0, 52, 52, 
Turn 731,0, 52, 0, 52, 52, 
Turn 732,0, 52, 0, 52, 52, 
Turn 733,0, 52, 0, 52, 52, 
Turn 734,0, 52, 0, 52, 52, 
Turn 735,0, 52, 0, 52, 52, 
Turn 736,0, 52, 0, 52, 52, 
Turn 737,0, 52, 0, 52, 52, 
Turn 738,0, 52, 0, 52, 52, 
Turn 739,0, 52, 0, 52, 52, 
Turn 740,0, 52, 0, 52, 52, 
Turn 741,0, 52, 0, 52, 52, 
Turn 742,0, 52, 0, 52, 52, 
Turn 743,0, 52, 0, 52, 52, 
Turn 744,0, 52, 0, 52, 52, 
Turn 745,0, 52, 0, 52, 52, 
Turn 746,0, 52, 0, 52, 52, 
Turn 747,0, 52, 0, 52, 52, 
Turn 748,0, 52, 0, 52, 52, 
Turn 749,0, 52, 0, 52, 52, 
Turn 750,0, 52, 0, 52, 52, 
Turn 751,0, 52, 0, 52, 52, 
Turn 752,0, 52, 0, 52, 52, 
Turn 753,0, 52, 0, 52, 52, 
Turn 754,0, 52, 0, 52, 52, 
Turn 755,0, 52, 0, 52, 52, 
Turn 756,0, 52, 0, 52, 52, 
Turn 757,0, 52, 0, 52, 52, 
Turn 758,0, 52, 0, 52, 52, 
Turn 759,0, 52, 0, 52, 52, 
Turn 760,0, 52, 0, 52, 52, 
Turn 761,0, 52, 0, 52, 52, 
Turn 762,0, 52, 0, 52, 52, 
Turn 763,0, 52, 0, 52, 52, 
Turn 764,0, 52, 0, 52, 52, 
Turn 765,0, 52, 0, 52, 52, 
Turn 766,0, 52, 0, 52, 52, 
Turn 767,0, 52, 0, 52, 52, 
Turn 768,0, 52, 0, 52, 52, 
Turn 769,0, 52, 0, 52, 52, 
Turn 770,0, 52, 0, 52, 52, 
Turn 771,0, 52, 0, 52, 52, 
Turn 772,0, 52, 0, 52, 52, 
Turn 773,0, 52, 0, 52, 52, 
Turn 774,0, 52, 0, 52, 52, 
Turn 775,0, 52, 0, 52, 52, 
Turn 776,0, 52, 0, 52, 52, 
Turn 777,0, 52, 0, 52, 52, 
Turn 778,0, 52, 0, 52, 52, 
Turn 779,0, 52, 0, 52, 52, 
Turn 780,0, 52, 0, 52, 52, 
Turn 781,0, 52, 0, 52, 52, 
Turn 782,0, 52, 0, 52, 52, 
Turn 783,0, 52, 0, 52, 52, 
Turn 784,0, 52, 0, 52, 52, 
Turn 785,0, 52, 0, 52, 52, 
Turn 786,0, 52, 0, 52, 52, 
Turn 787,0, 52, 0, 52, 52, 
Turn 788,0, 52, 0, 52, 52, 
Turn 789,0, 52, 0, 52, 52, 
Turn 790,0, 52, 0, 52, 52, 
Turn 791,0, 52, 0, 52, 52, 
Turn 792,0, 52, 0, 52, 52, 
Turn 793,0, 52, 0, 52, 52, 
Turn 794,0, 52, 0, 52, 52, 
Turn 795,0, 52, 0, 52, 52, 
Turn 796,0, 52, 0, 52, 52, 
Turn 797,0, 52, 0, 52, 52, 
Turn 798,0, 52, 0, 52, 52, 
Turn 799,0, 52, 0, 52, 52, 
Turn 800,0, 52, 0, 52, 52, 
Turn 801,0, 52, 0, 52, 52, 
Turn 802,0, 52, 0, 52, 52, 
Turn 803,0, 52, 0, 52, 52, 
Turn 804,0, 52, 0, 52, 52, 
Turn 805,0, 52, 0, 52, 52, 
Turn 806,0, 52, 0, 52, 52, 
Turn 807,0, 52, 0, 52, 52, 
Turn 808,0, 52, 0, 52, 52, 
Turn 809,0, 52, 0, 52, 52, 
Turn 810,0, 52, 0, 52, 52, 
Turn 811,0, 52, 0, 52, 52, 
Turn 812,0, 52, 0, 52, 52, 
Turn 813,0, 52, 0, 52, 52, 
Turn 814,0, 52, 0, 52, 52, 
Turn 815,0, 52, 0, 52, 52, 
Turn 816,0, 52, 0, 52, 52, 
Turn 817,0, 52, 0, 52, 52, 
Turn 818,0, 52, 0, 52, 52, 
Turn 819,0, 52, 0, 52, 52, 
Turn 820,0, 52, 0, 52, 52, 
Turn 821,0, 52, 0, 52, 52, 
Turn 822,0, 52, 0, 52, 52, 
Turn 823,0, 52, 0, 52, 52, 
Turn 824,0, 52, 0, 52, 52, 
Turn 825,0, 52, 0, 52, 52, 
Turn 826,0, 52, 0, 52, 52, 
Turn 827,0, 52, 0, 52, 52, 
Turn 828,0, 52, 0, 52, 52, 
Turn 829,0, 52, 0, 52, 52, 
Turn 830,0, 52, 0, 52, 52, 
Turn 831,0, 52, 0, 52, 52, 
Turn 832,0, 52, 0, 52, 52, 
Turn 833,0, 52, 0, 52, 52, 
Turn 834,0, 52, 0, 52, 52, 
Turn 835,0, 52, 0, 52, 52, 
Turn 836,0, 52, 0, 52, 52, 
Turn 837,0, 52, 0, 52, 52, 
Turn 838,0, 52, 0, 52, 52, 
Turn 839,0, 52, 0, 52, 52, 
Turn 840,0, 52, 0, 52, 52, 
Turn 841,0, 52, 0, 52, 52, 
Turn 842,0, 52, 0, 52, 52, 
Turn 843,0, 52, 0, 52, 52, 
Turn 844,0, 52, 0, 52, 52, 
Turn 845,0, 52, 0, 52, 52, 
Turn 846,0, 52, 0, 52, 52, 
Turn 847,0, 52, 0, 52, 52, 
Turn 848,0, 52, 0, 52, 52, 
Turn 849,0, 52, 0, 52, 52, 
Turn 850,0, 52, 0, 52, 52, 
Turn 851,0, 52, 0, 52, 52, 
Turn 852,0, 52, 0, 52, 52, 
Turn 853,0, 52, 0, 52, 52, 
Turn 854,0, 52, 0, 52, 52, 
Turn 855,0, 52, 0, 52, 52, 
Turn 856,0, 52, 0, 52, 52, 
Turn 857,0, 52, 0, 52, 52, 
Turn 858,0, 52, 0, 52, 52, 
Turn 859,0, 52, 0, 52, 52, 
Turn 860,0, 52, 0, 52, 52, 
Turn 861,0, 52, 0, 52, 52, 
Turn 862,0, 52, 0, 52, 52, 
Turn 863,0, 52, 0, 52, 52, 
Turn 864,0, 52, 0, 52, 52, 
Turn 865,0, 52, 0, 52, 52, 
Turn 866,0, 52, 0, 52, 52, 
Turn 867,0, 52, 0, 52, 52, 
Turn 868,0, 52, 0, 52, 52, 
Turn 869,0, 52, 0, 52, 52, 
Turn 870,0, 52, 0, 52, 52, 
Turn 871,0, 52, 0, 52, 52, 
Turn 872,0, 52, 0, 52, 52, 
Turn 873,0, 52, 0, 52, 52, 
Turn 874,0, 52, 0, 52, 52, 
Turn 875,0, 52, 0, 52, 52, 
Turn 876,0, 52, 0, 52, 52, 
Turn 877,0, 52, 0, 52, 52, 
Turn 878,0, 52, 0, 52, 52, 
Turn 879,0, 52, 0, 52, 52, 
Turn 880,0, 52, 0, 52, 52, 
Turn 881,0, 52, 0, 52, 52, 
Turn 882,0, 52, 0, 52, 52, 
Turn 883,0, 52, 0, 52, 52, 
Turn 884,0, 52, 0, 52, 52, 
Turn 885,0, 52, 0, 52, 52, 
Turn 886,0, 52, 0, 52, 52, 
Turn 887,0, 52, 0, 52, 52, 
Turn 888,0, 52, 0, 52, 52, 
Turn 889,0, 52, 0, 52, 52, 
Turn 890,0, 52, 0, 52, 52, 
Turn 891,0, 52, 0, 52, 52, 
Turn 892,0, 52, 0, 52, 52, 
Turn 893,0, 52, 0, 52, 52, 
Turn 894,0, 52, 0, 52, 52, 
Turn 895,0, 52, 0, 52, 52, 
Turn 896,0, 52, 0, 52, 52, 
Turn 897,0, 52, 0, 52, 52, 
Turn 898,0, 52, 0, 52, 52, 
Turn 899,0, 52, 0, 52, 52, 
Turn 900,0, 52, 0, 52, 52, 
Turn 901,0, 52, 0, 52, 52, 
Turn 902,0, 52, 0, 52, 52, 
Turn 903,0, 52, 0, 52, 52, 
Turn 904,0, 52, 0, 52, 52, 
Turn 905,0, 52, 0, 52, 52, 
Turn 906,0, 52, 0, 52, 52, 
Turn 907,0, 52, 0, 52, 52, 
Turn 908,0, 52, 0, 52, 52, 
Turn 909,0, 52, 0, 52, 52, 
Turn 910,0, 52, 0, 52, 52, 
Turn 911,0, 52, 0, 52, 52, 
Turn 912,0, 52, 0, 52, 52, 
Turn 913,0, 52, 0, 52, 52, 
Turn 914,0, 52, 0, 52, 52, 
Turn 915,0, 52, 0, 52, 52, 
Turn 916,0, 52, 0, 52, 52, 
Turn 917,0, 52, 0, 52, 52, 
Turn 918,0, 52, 0, 52, 52, 
Turn 919,0, 52, 0, 52, 52, 
Turn 920,0, 52, 0, 52, 52, 
Turn 921,0, 52, 0, 52, 52, 
Turn 922,0, 52, 0, 52, 52, 
Turn 923,0, 52, 0, 52, 52, 
Turn 924,0, 52, 0, 52, 52, 
Turn 925,0, 52, 0, 52, 52, 
Turn 926,0, 52, 0, 52, 52, 
Turn 927,0, 52, 0, 52, 52, 
Turn 928,0, 52, 0, 52, 52, 
Turn 929,0, 52, 0, 52, 52, 
Turn 930,0, 52, 0, 52, 52, 
Turn 931,0, 52, 0, 52, 52, 
Turn 932,0, 52, 0, 52, 52, 
Turn 933,0, 52, 0, 52, 52, 
Turn 934,0, 52, 0, 52, 52, 
Turn 935,0, 52, 0, 52, 52, 
Turn 936,0, 52, 0, 52, 52, 
Turn 937,0, 52, 0, 52, 52, 
Turn 938,0, 52, 0, 52, 52, 
Turn 939,0, 52, 0, 52, 52, 
Turn 940,0, 52, 0, 52, 52, 
Turn 941,0, 52, 0, 52, 52, 
Turn 942,0, 52, 0, 52, 52, 
Turn 943,0, 52, 0, 52, 52, 
Turn 944,0, 52, 0, 52, 52, 
Turn 945,0, 52, 0, 52, 52, 
Turn 946,0, 52, 0, 52, 52, 
Turn 947,0, 52, 0, 52, 52, 
Turn 948,0, 52, 0, 52, 52, 
Turn 949,0, 52, 0, 52, 52, 
Turn 950,0, 52, 0, 52, 52, 
Turn 951,0, 52, 0, 52, 52, 
Turn 952,0, 52, 0, 52, 52, 
Turn 953,0, 52, 0, 52, 52, 
Turn 954,0, 52, 0, 52, 52, 
Turn 955,0, 52, 0, 52, 52, 
Turn 956,0, 52, 0, 52, 52, 
Turn 957,0, 52, 0, 52, 52, 
Turn 958,0, 52, 0, 52, 52, 
Turn 959,0, 52, 0, 52, 52, 
Turn 960,0, 52, 0, 52, 52, 
Turn 961,0, 52, 0, 52, 52, 
Turn 962,0, 52, 0, 52, 52, 
Turn 963,0, 52, 0, 52, 52, 
Turn 964,0, 52, 0, 52, 52, 
Turn 965,0, 52, 0, 52, 52, 
Turn 966,0, 52, 0, 52, 52, 
Turn 967,0, 52, 0, 52, 52, 
Turn 968,0, 52, 0, 52, 52, 
Turn 969,0, 52, 0, 52, 52, 
Turn 970,0, 52, 0, 52, 52, 
Turn 971,0, 52, 0, 52, 52, 
Turn 972,0, 52, 0, 52, 52, 
Turn 973,0, 52, 0, 52, 52, 
Turn 974,0, 52, 0, 52, 52, 
Turn 975,0, 52, 0, 52, 52, 
Turn 976,0, 52, 0, 52, 52, 
Turn 977,0, 52, 0, 52, 52, 
Turn 978,0, 52, 0, 52, 52, 
Turn 979,0, 52, 0, 52, 52, 
Turn 980,0, 52, 0, 52, 52, 
Turn 981,0, 52, 0, 52, 52, 
Turn 982,0, 52, 0, 52, 52, 
Turn 983,0, 52, 0, 52, 52, 
Turn 984,0, 52, 0, 52, 52, 
Turn 985,0, 52, 0, 52, 52, 
Turn 986,0, 52, 0, 52, 52, 
Turn 987,0, 52, 0, 52, 52, 
Turn 988,0, 52, 0, 52, 52, 
Turn 989,0, 52, 0, 52, 52, 
Turn 990,0, 52, 0, 52, 52, 
Turn 991,0, 52, 0, 52, 52, 
Turn 992,0, 52, 0, 52, 52, 
Turn 993,0, 52, 0, 52, 52, 
Turn 994,0, 52, 0, 52, 52, 
Turn 995,0, 52, 0, 52, 52, 
Turn 996,0, 52, 0, 52, 52, 
Turn 997,0, 52, 0, 52, 52, 
Turn 998,0, 52, 0, 52, 52, 
Turn 999,0, 52, 0, 52, 52, 
